summarized_topic,question,answer,bloom_level
"This chapter delves into sexual reproduction in flowering plants, focusing on the morphology, structure, and processes involved.  It examines the development of male and female gametes within the flower, covering stages like microsporogenesis and megasporogenesis.  Pollination methods, including wind, water, and animal-mediated pollination, are explored, along with the various mechanisms plants employ to prevent self-pollination.  The chapter also discusses the post-fertilization events of endosperm and embryo development, leading to seed and fruit formation.  Finally, it delves into apomixis, a unique form of seed production without fertilization, and polyembryony, the occurrence of multiple embryos within a seed.","Define the terms ""microsporogenesis"" and ""megasporogenesis"" as they relate to plant reproduction.","""Microsporogenesis"" is the process of formation of microspores from a pollen mother cell (PMC) through meiosis. ""Megasporogenesis"" is the process of formation of megaspores from the megaspore mother cell (MMC) through meiosis.",Remembering
"This chapter delves into sexual reproduction in flowering plants, focusing on the morphology, structure, and processes involved.  It examines the development of male and female gametes within the flower, covering stages like microsporogenesis and megasporogenesis.  Pollination methods, including wind, water, and animal-mediated pollination, are explored, along with the various mechanisms plants employ to prevent self-pollination.  The chapter also discusses the post-fertilization events of endosperm and embryo development, leading to seed and fruit formation.  Finally, it delves into apomixis, a unique form of seed production without fertilization, and polyembryony, the occurrence of multiple embryos within a seed.",What is the term used to describe the process where a single megaspore mother cell (MMC) undergoes meiotic division to produce four megaspores?,The process of formation of megaspores from the megaspore mother cell is called **megasporogenesis**.,Remembering
"This chapter delves into sexual reproduction in flowering plants, focusing on the morphology, structure, and processes involved.  It examines the development of male and female gametes within the flower, covering stages like microsporogenesis and megasporogenesis.  Pollination methods, including wind, water, and animal-mediated pollination, are explored, along with the various mechanisms plants employ to prevent self-pollination.  The chapter also discusses the post-fertilization events of endosperm and embryo development, leading to seed and fruit formation.  Finally, it delves into apomixis, a unique form of seed production without fertilization, and polyembryony, the occurrence of multiple embryos within a seed.",What are the two main types of reproduction found in living organisms and how do they differ in terms of genetic variation?,"The two main types of reproduction are asexual and sexual reproduction. Asexual reproduction involves a single parent and produces offspring that are genetically identical to the parent. Sexual reproduction involves two parents, and the offspring inherit genetic material from both parents, resulting in genetic variation.",Remembering
"This chapter delves into sexual reproduction in flowering plants, focusing on the morphology, structure, and processes involved.  It examines the development of male and female gametes within the flower, covering stages like microsporogenesis and megasporogenesis.  Pollination methods, including wind, water, and animal-mediated pollination, are explored, along with the various mechanisms plants employ to prevent self-pollination.  The chapter also discusses the post-fertilization events of endosperm and embryo development, leading to seed and fruit formation.  Finally, it delves into apomixis, a unique form of seed production without fertilization, and polyembryony, the occurrence of multiple embryos within a seed.","Imagine you are working on a project to improve the yield of a particular fruit crop. How could you apply the knowledge of apomixis to this project, and what potential benefits could it provide?","Apomixis, the process of producing seeds without fertilization, could be a valuable tool for improving fruit crop yield. By introducing apomictic genes into the desired fruit variety, we can ensure that the offspring retain the desirable traits of the hybrid, preventing the segregation of characters that occurs in traditional hybrid breeding. This would eliminate the need to produce hybrid seeds annually, reducing costs and simplifying the breeding process.  Moreover, apomixis could help preserve valuable genetic combinations and make the crop more resilient to environmental challenges.",Applying
"This chapter delves into sexual reproduction in flowering plants, focusing on the morphology, structure, and processes involved.  It examines the development of male and female gametes within the flower, covering stages like microsporogenesis and megasporogenesis.  Pollination methods, including wind, water, and animal-mediated pollination, are explored, along with the various mechanisms plants employ to prevent self-pollination.  The chapter also discusses the post-fertilization events of endosperm and embryo development, leading to seed and fruit formation.  Finally, it delves into apomixis, a unique form of seed production without fertilization, and polyembryony, the occurrence of multiple embryos within a seed.",Imagine you are a farmer trying to increase the yield of your wheat crop. How could the principles of pollination and fertilization from this text be applied to achieve this goal?,"A farmer could utilize the principles of pollination and fertilization to increase their wheat yield by employing strategies like: 1) **Choosing the right pollinators:** Since wind pollination is prevalent in wheat, ensuring open fields and avoiding barriers to wind flow could enhance pollen dispersal. 2) **Optimizing pollination timing:** Understanding the timing of pollen release and stigma receptivity in wheat could help farmers adjust planting times or apply techniques like artificial pollination to maximize fertilization rates. 3) **Promoting cross-pollination:** Introducing diverse wheat varieties within a field can encourage genetic exchange, leading to more vigorous offspring with increased yield potential. By carefully applying these principles, a farmer could maximize fertilization success and boost wheat crop production.",Applying
"This chapter delves into sexual reproduction in flowering plants, focusing on the morphology, structure, and processes involved.  It examines the development of male and female gametes within the flower, covering stages like microsporogenesis and megasporogenesis.  Pollination methods, including wind, water, and animal-mediated pollination, are explored, along with the various mechanisms plants employ to prevent self-pollination.  The chapter also discusses the post-fertilization events of endosperm and embryo development, leading to seed and fruit formation.  Finally, it delves into apomixis, a unique form of seed production without fertilization, and polyembryony, the occurrence of multiple embryos within a seed.","Imagine you are a farmer trying to cultivate a new variety of rice with disease resistance. How could the concepts of pollination and plant breeding, as discussed in the text, help you achieve this goal?","The farmer could utilize the knowledge of pollination to crossbreed different rice varieties, one with disease resistance and another with desirable traits like high yield. They could use selective pollination techniques, possibly with the help of wind or insects, to ensure that the pollen from the disease-resistant variety reaches the stigma of the high-yielding variety. This would lead to the formation of seeds containing a combination of desired traits. Over several generations, the farmer could further select and cultivate these hybrid plants with the desired characteristics, eventually developing a disease-resistant, high-yielding rice variety.",Applying
"This chapter delves into sexual reproduction in flowering plants, focusing on the morphology, structure, and processes involved.  It examines the development of male and female gametes within the flower, covering stages like microsporogenesis and megasporogenesis.  Pollination methods, including wind, water, and animal-mediated pollination, are explored, along with the various mechanisms plants employ to prevent self-pollination.  The chapter also discusses the post-fertilization events of endosperm and embryo development, leading to seed and fruit formation.  Finally, it delves into apomixis, a unique form of seed production without fertilization, and polyembryony, the occurrence of multiple embryos within a seed.","How could the knowledge of pollen-pistil interaction be used to improve agricultural practices, specifically in the development of new crop varieties?","Understanding pollen-pistil interaction allows plant breeders to manipulate the process for better crop production.  By identifying compatible pollen and developing methods to promote pollen tube growth in incompatible pollinations, they can create desired hybrids, such as those with increased yield, disease resistance, or improved nutritional content. This knowledge can also help develop new methods for artificial pollination, leading to more efficient and effective crossbreeding programs.",Applying
"This chapter delves into sexual reproduction in flowering plants, focusing on the morphology, structure, and processes involved.  It examines the development of male and female gametes within the flower, covering stages like microsporogenesis and megasporogenesis.  Pollination methods, including wind, water, and animal-mediated pollination, are explored, along with the various mechanisms plants employ to prevent self-pollination.  The chapter also discusses the post-fertilization events of endosperm and embryo development, leading to seed and fruit formation.  Finally, it delves into apomixis, a unique form of seed production without fertilization, and polyembryony, the occurrence of multiple embryos within a seed.","Compare and contrast the processes of microsporogenesis and megasporogenesis, focusing on their roles in the development of male and female gametophytes, respectively.","Microsporogenesis and megasporogenesis are both forms of meiosis, but they produce different gametophytes. Microsporogenesis occurs in the anther, resulting in the formation of microspores which develop into pollen grains, the male gametophyte. Megasporogenesis occurs in the ovule, resulting in the formation of megaspores, one of which develops into the embryo sac, the female gametophyte. Both processes involve reduction division, leading to haploid gametes. However, microsporogenesis produces multiple microspores from a single pollen mother cell, while megasporogenesis typically produces a single functional megaspore. This difference reflects the contrasting roles of the male and female gametophytes: pollen grains are designed for dispersal and fertilization, while the embryo sac is a relatively stationary structure that houses the egg cell and other components necessary for fertilization and seed development.",Analyzing
"This chapter delves into sexual reproduction in flowering plants, focusing on the morphology, structure, and processes involved.  It examines the development of male and female gametes within the flower, covering stages like microsporogenesis and megasporogenesis.  Pollination methods, including wind, water, and animal-mediated pollination, are explored, along with the various mechanisms plants employ to prevent self-pollination.  The chapter also discusses the post-fertilization events of endosperm and embryo development, leading to seed and fruit formation.  Finally, it delves into apomixis, a unique form of seed production without fertilization, and polyembryony, the occurrence of multiple embryos within a seed.","Compare and contrast the processes of microsporogenesis and megasporogenesis in terms of the cells involved, the type of cell division occurring, and the final products produced.","Both microsporogenesis and megasporogenesis involve meiotic cell division, but they differ in the specific cells involved and the final products. Microsporogenesis occurs within the microsporangium and involves the development of pollen grains from pollen mother cells (PMCs). The PMCs undergo meiosis to produce four haploid microspores, which mature into pollen grains. In contrast, megasporogenesis takes place within the ovule and involves the development of the embryo sac from a megaspore mother cell (MMC). The MMC undergoes meiosis to produce four haploid megaspores, but only one of these survives and develops into the embryo sac.  Therefore, microsporogenesis leads to the formation of male gametophytes (pollen grains), while megasporogenesis results in the formation of the female gametophyte (embryo sac).",Analyzing
"This chapter delves into sexual reproduction in flowering plants, focusing on the morphology, structure, and processes involved.  It examines the development of male and female gametes within the flower, covering stages like microsporogenesis and megasporogenesis.  Pollination methods, including wind, water, and animal-mediated pollination, are explored, along with the various mechanisms plants employ to prevent self-pollination.  The chapter also discusses the post-fertilization events of endosperm and embryo development, leading to seed and fruit formation.  Finally, it delves into apomixis, a unique form of seed production without fertilization, and polyembryony, the occurrence of multiple embryos within a seed.","Evaluate the effectiveness of the text in explaining the reproductive processes in flowering plants, considering the clarity of its explanations, the use of visual aids, and the inclusion of practical applications. ","The text effectively explains reproductive processes in flowering plants through clear descriptions and well-labeled diagrams.  However, it could benefit from more practical examples and real-world applications, making the content more engaging for students. While it covers crucial concepts like double fertilization and pollen-pistil interaction, it could further enhance its effectiveness by incorporating recent advancements in plant biotechnology and their impact on agriculture, particularly regarding apomixis.",Evaluating
"This chapter delves into sexual reproduction in flowering plants, focusing on the morphology, structure, and processes involved.  It examines the development of male and female gametes within the flower, covering stages like microsporogenesis and megasporogenesis.  Pollination methods, including wind, water, and animal-mediated pollination, are explored, along with the various mechanisms plants employ to prevent self-pollination.  The chapter also discusses the post-fertilization events of endosperm and embryo development, leading to seed and fruit formation.  Finally, it delves into apomixis, a unique form of seed production without fertilization, and polyembryony, the occurrence of multiple embryos within a seed.","Evaluate the effectiveness of the text in explaining the biological significance of sexual reproduction in flowering plants, considering factors such as clarity, comprehensiveness, and the use of relevant examples.","The text effectively explains the biological significance of sexual reproduction in flowering plants. It is clear and concise, covering key concepts like the structure and function of reproductive organs, pollination mechanisms, double fertilization, and seed development. The text employs a variety of relevant examples to illustrate these concepts, making them easier to understand. For example, the detailed descriptions of the stamen, microsporangium, and pollen grain structure are accompanied by relevant figures that enhance comprehension. Furthermore, the inclusion of real-world applications, such as the use of pollen banks and the implications of apomixis in crop breeding, adds value and demonstrates the practical relevance of the subject matter. However, the text could be further enhanced by providing a more thorough discussion of the evolutionary advantages of sexual reproduction and by incorporating the latest research findings in the field.",Evaluating
"This chapter delves into sexual reproduction in flowering plants, focusing on the morphology, structure, and processes involved.  It examines the development of male and female gametes within the flower, covering stages like microsporogenesis and megasporogenesis.  Pollination methods, including wind, water, and animal-mediated pollination, are explored, along with the various mechanisms plants employ to prevent self-pollination.  The chapter also discusses the post-fertilization events of endosperm and embryo development, leading to seed and fruit formation.  Finally, it delves into apomixis, a unique form of seed production without fertilization, and polyembryony, the occurrence of multiple embryos within a seed.","Propose a new method of enhancing reproductive success in flowering plants, leveraging the knowledge gained about pollen-pistil interaction. This method should address the limitations of current pollination strategies.","A novel approach could involve designing bio-engineered pollen grains that are more efficient in recognizing and interacting with the stigma of specific plant varieties. By incorporating genetic modifications that enhance pollen tube growth and the release of male gametes, we could improve pollination success rates, leading to increased fertilization and seed production. This could be particularly beneficial in cases of cross-pollination, where pollen-pistil incompatibility can be a significant hurdle. Additionally, we could explore the development of artificial pollen tubes that carry multiple male gametes, further increasing the chances of fertilization. This innovative approach could revolutionize plant breeding practices and enhance agricultural productivity.",Creating
"This chapter delves into sexual reproduction in flowering plants, focusing on the morphology, structure, and processes involved.  It examines the development of male and female gametes within the flower, covering stages like microsporogenesis and megasporogenesis.  Pollination methods, including wind, water, and animal-mediated pollination, are explored, along with the various mechanisms plants employ to prevent self-pollination.  The chapter also discusses the post-fertilization events of endosperm and embryo development, leading to seed and fruit formation.  Finally, it delves into apomixis, a unique form of seed production without fertilization, and polyembryony, the occurrence of multiple embryos within a seed.","Given the text's focus on sexual reproduction and the challenges of inbreeding, how could the principles of plant reproduction be used to develop a new method for producing hybrid seeds that are less prone to inbreeding depression and more easily accessible to farmers?","One innovative approach could involve combining the principles of apomixis with selective breeding. By introducing apomictic genes into desired hybrid varieties, farmers could produce seed that consistently retains the hybrid traits without the need for annual re-hybridization. This would allow for the mass production of genetically stable, high-yielding hybrid crops at a lower cost, increasing accessibility for farmers while promoting sustainable agricultural practices.",Creating
"This chapter delves into sexual reproduction in flowering plants, focusing on the morphology, structure, and processes involved.  It examines the development of male and female gametes within the flower, covering stages like microsporogenesis and megasporogenesis.  Pollination methods, including wind, water, and animal-mediated pollination, are explored, along with the various mechanisms plants employ to prevent self-pollination.  The chapter also discusses the post-fertilization events of endosperm and embryo development, leading to seed and fruit formation.  Finally, it delves into apomixis, a unique form of seed production without fertilization, and polyembryony, the occurrence of multiple embryos within a seed.","Considering the text's emphasis on the importance of sexual reproduction in creating new genetic variations, propose an innovative approach to harness this principle for developing more resilient crops in the face of climate change.","To develop more resilient crops, a novel approach could involve utilizing the principles of sexual reproduction to create a 'gene bank' of diverse plant varieties. This gene bank would be populated with genotypes exhibiting advantageous traits for resilience to extreme weather conditions, drought tolerance, and pest resistance. Through controlled cross-pollination and selection, breeders could create hybrid varieties combining these desirable traits, resulting in crops better adapted to the challenges of climate change. This strategy would rely on the inherent natural process of sexual reproduction to generate a wider range of genetic variations, allowing for more effective selection and adaptation to changing environmental conditions.",Creating
"This chapter delves into sexual reproduction in flowering plants, focusing on the morphology, structure, and processes involved.  It examines the development of male and female gametes within the flower, covering stages like microsporogenesis and megasporogenesis.  Pollination methods, including wind, water, and animal-mediated pollination, are explored, along with the various mechanisms plants employ to prevent self-pollination.  The chapter also discusses the post-fertilization events of endosperm and embryo development, leading to seed and fruit formation.  Finally, it delves into apomixis, a unique form of seed production without fertilization, and polyembryony, the occurrence of multiple embryos within a seed.","Considering the advantages of apomixis, design a hypothetical scenario where a plant breeder could use this process to significantly improve food security in a specific region.","Imagine a region prone to droughts, where staple crops like rice are highly vulnerable to water scarcity. A plant breeder could utilize apomixis to develop drought-resistant rice varieties. By introducing apomictic genes into existing drought-tolerant strains, they could create hybrid seeds that would produce identical offspring. This would ensure consistent yields of drought-resistant rice, even in challenging conditions, leading to enhanced food security and improved resilience against climate change.",Creating
"This chapter delves into sexual reproduction in flowering plants, focusing on the morphology, structure, and processes involved.  It examines the development of male and female gametes within the flower, covering stages like microsporogenesis and megasporogenesis.  Pollination methods, including wind, water, and animal-mediated pollination, are explored, along with the various mechanisms plants employ to prevent self-pollination.  The chapter also discusses the post-fertilization events of endosperm and embryo development, leading to seed and fruit formation.  Finally, it delves into apomixis, a unique form of seed production without fertilization, and polyembryony, the occurrence of multiple embryos within a seed.","Based on the text's discussion of apomixis and its potential applications, propose a novel agricultural technique that leverages apomixis to improve crop yields while minimizing environmental impact.","One potential technique is to develop a system for 'apomictic seed banks'. This would involve identifying and collecting apomictic seeds from diverse varieties of a crop species. These seeds, representing a wide range of desirable traits, would be stored and used as a resource for breeders. By introducing these seeds into a breeding program, farmers could select for desired traits in their crops while maintaining the apomictic nature of the seeds, ensuring consistent genetic purity and reducing the need for external inputs like herbicides and pesticides.",Creating
